title,price,rating,colors,size,gender,timestamp
T-shirt 2,1634400,3.9,3,M,Women,2025-04-09 08:10:19.433363
Hoodie 3,7950080,4.8,3,L,Unisex,2025-04-09 08:10:19.433457
Pants 4,7476960,3.3,3,XL,Men,2025-04-09 08:10:19.433536
Outerwear 5,5145440,3.5,3,XXL,Women,2025-04-09 08:10:19.433609
Jacket 6,2453920,3.3,3,S,Unisex,2025-04-09 08:10:19.433680
Crewneck 7,6892000,4.3,3,M,Men,2025-04-09 08:10:19.433750
T-shirt 8,7802560,3.1,3,L,Women,2025-04-09 08:10:19.433821
Hoodie 9,3972160,3.2,3,XL,Unisex,2025-04-09 08:10:19.433890
Pants 10,3100160,4.2,3,XXL,Men,2025-04-09 08:10:19.433959
Jacket 12,8527840,3.9,3,M,Unisex,2025-04-09 08:10:19.434096
Crewneck 13,5447200,3.2,3,L,Men,2025-04-09 08:10:19.434163
T-shirt 14,3248800,3.8,3,XL,Women,2025-04-09 08:10:19.434230
Hoodie 15,2184160,3.6,3,XXL,Unisex,2025-04-09 08:10:19.434297
Outerwear 17,841600,3.8,3,M,Women,2025-04-09 08:10:19.434442
Jacket 18,5500000,3.8,3,L,Unisex,2025-04-09 08:10:19.434509
Crewneck 19,1308960,3.6,3,XL,Men,2025-04-09 08:10:19.434619
T-shirt 20,1325600,3.4,3,XXL,Women,2025-04-09 08:10:19.434690
T-shirt 2,1634400,3.9,3,M,Women,2025-04-09 08:10:22.287576
Hoodie 3,7950080,4.8,3,L,Unisex,2025-04-09 08:10:22.287615
Pants 4,7476960,3.3,3,XL,Men,2025-04-09 08:10:22.287654
Outerwear 5,5145440,3.5,3,XXL,Women,2025-04-09 08:10:22.287691
Jacket 6,2453920,3.3,3,S,Unisex,2025-04-09 08:10:22.287729
Crewneck 7,6892000,4.3,3,M,Men,2025-04-09 08:10:22.287766
T-shirt 8,7802560,3.1,3,L,Women,2025-04-09 08:10:22.287803
Hoodie 9,3972160,3.2,3,XL,Unisex,2025-04-09 08:10:22.287839
Pants 10,3100160,4.2,3,XXL,Men,2025-04-09 08:10:22.287878
Jacket 12,8527840,3.9,3,M,Unisex,2025-04-09 08:10:22.287953
Crewneck 13,5447200,3.2,3,L,Men,2025-04-09 08:10:22.287990
T-shirt 14,3248800,3.8,3,XL,Women,2025-04-09 08:10:22.288026
Hoodie 15,2184160,3.6,3,XXL,Unisex,2025-04-09 08:10:22.288063
Outerwear 17,841600,3.8,3,M,Women,2025-04-09 08:10:22.288143
Jacket 18,5500000,3.8,3,L,Unisex,2025-04-09 08:10:22.288179
Crewneck 19,1308960,3.6,3,XL,Men,2025-04-09 08:10:22.288215
T-shirt 20,1325600,3.4,3,XXL,Women,2025-04-09 08:10:22.288252
T-shirt 2,1634400,3.9,3,M,Women,2025-04-09 08:10:24.806913
Hoodie 3,7950080,4.8,3,L,Unisex,2025-04-09 08:10:24.806977
Pants 4,7476960,3.3,3,XL,Men,2025-04-09 08:10:24.807038
Outerwear 5,5145440,3.5,3,XXL,Women,2025-04-09 08:10:24.807098
Jacket 6,2453920,3.3,3,S,Unisex,2025-04-09 08:10:24.807157
Crewneck 7,6892000,4.3,3,M,Men,2025-04-09 08:10:24.807216
T-shirt 8,7802560,3.1,3,L,Women,2025-04-09 08:10:24.807275
Hoodie 9,3972160,3.2,3,XL,Unisex,2025-04-09 08:10:24.807336
Pants 10,3100160,4.2,3,XXL,Men,2025-04-09 08:10:24.807394
Jacket 12,8527840,3.9,3,M,Unisex,2025-04-09 08:10:24.807513
Crewneck 13,5447200,3.2,3,L,Men,2025-04-09 08:10:24.807572
T-shirt 14,3248800,3.8,3,XL,Women,2025-04-09 08:10:24.807631
Hoodie 15,2184160,3.6,3,XXL,Unisex,2025-04-09 08:10:24.807689
Outerwear 17,841600,3.8,3,M,Women,2025-04-09 08:10:24.807816
Jacket 18,5500000,3.8,3,L,Unisex,2025-04-09 08:10:24.807876
Crewneck 19,1308960,3.6,3,XL,Men,2025-04-09 08:10:24.807941
T-shirt 20,1325600,3.4,3,XXL,Women,2025-04-09 08:10:24.808000
T-shirt 2,1634400,3.9,3,M,Women,2025-04-09 08:10:26.923346
Hoodie 3,7950080,4.8,3,L,Unisex,2025-04-09 08:10:26.923397
Pants 4,7476960,3.3,3,XL,Men,2025-04-09 08:10:26.923444
Outerwear 5,5145440,3.5,3,XXL,Women,2025-04-09 08:10:26.923491
Jacket 6,2453920,3.3,3,S,Unisex,2025-04-09 08:10:26.923537
Crewneck 7,6892000,4.3,3,M,Men,2025-04-09 08:10:26.923583
T-shirt 8,7802560,3.1,3,L,Women,2025-04-09 08:10:26.923628
Hoodie 9,3972160,3.2,3,XL,Unisex,2025-04-09 08:10:26.923674
Pants 10,3100160,4.2,3,XXL,Men,2025-04-09 08:10:26.923721
Jacket 12,8527840,3.9,3,M,Unisex,2025-04-09 08:10:26.923812
Crewneck 13,5447200,3.2,3,L,Men,2025-04-09 08:10:26.923858
T-shirt 14,3248800,3.8,3,XL,Women,2025-04-09 08:10:26.923903
Hoodie 15,2184160,3.6,3,XXL,Unisex,2025-04-09 08:10:26.923958
Outerwear 17,841600,3.8,3,M,Women,2025-04-09 08:10:26.924057
Jacket 18,5500000,3.8,3,L,Unisex,2025-04-09 08:10:26.924107
Crewneck 19,1308960,3.6,3,XL,Men,2025-04-09 08:10:26.924153
T-shirt 20,1325600,3.4,3,XXL,Women,2025-04-09 08:10:26.924198
T-shirt 2,1634400,3.9,3,M,Women,2025-04-09 08:10:30.024936
Hoodie 3,7950080,4.8,3,L,Unisex,2025-04-09 08:10:30.024990
Pants 4,7476960,3.3,3,XL,Men,2025-04-09 08:10:30.025040
Outerwear 5,5145440,3.5,3,XXL,Women,2025-04-09 08:10:30.025088
Jacket 6,2453920,3.3,3,S,Unisex,2025-04-09 08:10:30.025141
Crewneck 7,6892000,4.3,3,M,Men,2025-04-09 08:10:30.025191
T-shirt 8,7802560,3.1,3,L,Women,2025-04-09 08:10:30.025239
Hoodie 9,3972160,3.2,3,XL,Unisex,2025-04-09 08:10:30.025287
Pants 10,3100160,4.2,3,XXL,Men,2025-04-09 08:10:30.025334
Jacket 12,8527840,3.9,3,M,Unisex,2025-04-09 08:10:30.025429
Crewneck 13,5447200,3.2,3,L,Men,2025-04-09 08:10:30.025477
T-shirt 14,3248800,3.8,3,XL,Women,2025-04-09 08:10:30.025525
Hoodie 15,2184160,3.6,3,XXL,Unisex,2025-04-09 08:10:30.025579
Outerwear 17,841600,3.8,3,M,Women,2025-04-09 08:10:30.025683
Jacket 18,5500000,3.8,3,L,Unisex,2025-04-09 08:10:30.025730
Crewneck 19,1308960,3.6,3,XL,Men,2025-04-09 08:10:30.025776
T-shirt 20,1325600,3.4,3,XXL,Women,2025-04-09 08:10:30.025822
T-shirt 2,1634400,3.9,3,M,Women,2025-04-09 08:10:32.148724
Hoodie 3,7950080,4.8,3,L,Unisex,2025-04-09 08:10:32.148807
Pants 4,7476960,3.3,3,XL,Men,2025-04-09 08:10:32.148879
Outerwear 5,5145440,3.5,3,XXL,Women,2025-04-09 08:10:32.148949
Jacket 6,2453920,3.3,3,S,Unisex,2025-04-09 08:10:32.149016
Crewneck 7,6892000,4.3,3,M,Men,2025-04-09 08:10:32.149085
T-shirt 8,7802560,3.1,3,L,Women,2025-04-09 08:10:32.149153
Hoodie 9,3972160,3.2,3,XL,Unisex,2025-04-09 08:10:32.149220
Pants 10,3100160,4.2,3,XXL,Men,2025-04-09 08:10:32.149290
Jacket 12,8527840,3.9,3,M,Unisex,2025-04-09 08:10:32.149432
Crewneck 13,5447200,3.2,3,L,Men,2025-04-09 08:10:32.149501
T-shirt 14,3248800,3.8,3,XL,Women,2025-04-09 08:10:32.149568
Hoodie 15,2184160,3.6,3,XXL,Unisex,2025-04-09 08:10:32.149635
Outerwear 17,841600,3.8,3,M,Women,2025-04-09 08:10:32.149783
Jacket 18,5500000,3.8,3,L,Unisex,2025-04-09 08:10:32.149851
Crewneck 19,1308960,3.6,3,XL,Men,2025-04-09 08:10:32.149919
T-shirt 20,1325600,3.4,3,XXL,Women,2025-04-09 08:10:32.149985
T-shirt 2,1634400,3.9,3,M,Women,2025-04-09 08:10:33.894190
Hoodie 3,7950080,4.8,3,L,Unisex,2025-04-09 08:10:33.894328
Pants 4,7476960,3.3,3,XL,Men,2025-04-09 08:10:33.894536
Outerwear 5,5145440,3.5,3,XXL,Women,2025-04-09 08:10:33.895198
Jacket 6,2453920,3.3,3,S,Unisex,2025-04-09 08:10:33.895594
Crewneck 7,6892000,4.3,3,M,Men,2025-04-09 08:10:33.895883
T-shirt 8,7802560,3.1,3,L,Women,2025-04-09 08:10:33.896207
Hoodie 9,3972160,3.2,3,XL,Unisex,2025-04-09 08:10:33.896424
Pants 10,3100160,4.2,3,XXL,Men,2025-04-09 08:10:33.897173
Jacket 12,8527840,3.9,3,M,Unisex,2025-04-09 08:10:33.898270
Crewneck 13,5447200,3.2,3,L,Men,2025-04-09 08:10:33.898401
T-shirt 14,3248800,3.8,3,XL,Women,2025-04-09 08:10:33.898465
Hoodie 15,2184160,3.6,3,XXL,Unisex,2025-04-09 08:10:33.898519
Outerwear 17,841600,3.8,3,M,Women,2025-04-09 08:10:33.900072
Jacket 18,5500000,3.8,3,L,Unisex,2025-04-09 08:10:33.900330
Crewneck 19,1308960,3.6,3,XL,Men,2025-04-09 08:10:33.900459
T-shirt 20,1325600,3.4,3,XXL,Women,2025-04-09 08:10:33.900585
T-shirt 2,1634400,3.9,3,M,Women,2025-04-09 08:10:40.001107
Hoodie 3,7950080,4.8,3,L,Unisex,2025-04-09 08:10:40.001171
Pants 4,7476960,3.3,3,XL,Men,2025-04-09 08:10:40.001233
Outerwear 5,5145440,3.5,3,XXL,Women,2025-04-09 08:10:40.001328
Jacket 6,2453920,3.3,3,S,Unisex,2025-04-09 08:10:40.001462
Crewneck 7,6892000,4.3,3,M,Men,2025-04-09 08:10:40.001536
T-shirt 8,7802560,3.1,3,L,Women,2025-04-09 08:10:40.001602
Hoodie 9,3972160,3.2,3,XL,Unisex,2025-04-09 08:10:40.001666
Pants 10,3100160,4.2,3,XXL,Men,2025-04-09 08:10:40.001728
Jacket 12,8527840,3.9,3,M,Unisex,2025-04-09 08:10:40.001851
Crewneck 13,5447200,3.2,3,L,Men,2025-04-09 08:10:40.001912
T-shirt 14,3248800,3.8,3,XL,Women,2025-04-09 08:10:40.001973
Hoodie 15,2184160,3.6,3,XXL,Unisex,2025-04-09 08:10:40.002033
Outerwear 17,841600,3.8,3,M,Women,2025-04-09 08:10:40.002163
Jacket 18,5500000,3.8,3,L,Unisex,2025-04-09 08:10:40.002222
Crewneck 19,1308960,3.6,3,XL,Men,2025-04-09 08:10:40.002280
T-shirt 20,1325600,3.4,3,XXL,Women,2025-04-09 08:10:40.002339
T-shirt 2,1634400,3.9,3,M,Women,2025-04-09 08:10:42.208414
Hoodie 3,7950080,4.8,3,L,Unisex,2025-04-09 08:10:42.208471
Pants 4,7476960,3.3,3,XL,Men,2025-04-09 08:10:42.208526
Outerwear 5,5145440,3.5,3,XXL,Women,2025-04-09 08:10:42.208582
Jacket 6,2453920,3.3,3,S,Unisex,2025-04-09 08:10:42.208637
Crewneck 7,6892000,4.3,3,M,Men,2025-04-09 08:10:42.208691
T-shirt 8,7802560,3.1,3,L,Women,2025-04-09 08:10:42.208744
Hoodie 9,3972160,3.2,3,XL,Unisex,2025-04-09 08:10:42.208796
Pants 10,3100160,4.2,3,XXL,Men,2025-04-09 08:10:42.208848
Jacket 12,8527840,3.9,3,M,Unisex,2025-04-09 08:10:42.208955
Crewneck 13,5447200,3.2,3,L,Men,2025-04-09 08:10:42.209007
T-shirt 14,3248800,3.8,3,XL,Women,2025-04-09 08:10:42.209061
Hoodie 15,2184160,3.6,3,XXL,Unisex,2025-04-09 08:10:42.209113
Outerwear 17,841600,3.8,3,M,Women,2025-04-09 08:10:42.209225
Jacket 18,5500000,3.8,3,L,Unisex,2025-04-09 08:10:42.209281
Crewneck 19,1308960,3.6,3,XL,Men,2025-04-09 08:10:42.209334
T-shirt 20,1325600,3.4,3,XXL,Women,2025-04-09 08:10:42.209386
T-shirt 2,1634400,3.9,3,M,Women,2025-04-09 08:10:44.335435
Hoodie 3,7950080,4.8,3,L,Unisex,2025-04-09 08:10:44.335538
Pants 4,7476960,3.3,3,XL,Men,2025-04-09 08:10:44.335636
Outerwear 5,5145440,3.5,3,XXL,Women,2025-04-09 08:10:44.335733
Jacket 6,2453920,3.3,3,S,Unisex,2025-04-09 08:10:44.335856
Crewneck 7,6892000,4.3,3,M,Men,2025-04-09 08:10:44.335955
T-shirt 8,7802560,3.1,3,L,Women,2025-04-09 08:10:44.336051
Hoodie 9,3972160,3.2,3,XL,Unisex,2025-04-09 08:10:44.336145
Pants 10,3100160,4.2,3,XXL,Men,2025-04-09 08:10:44.336240
Jacket 12,8527840,3.9,3,M,Unisex,2025-04-09 08:10:44.336429
Crewneck 13,5447200,3.2,3,L,Men,2025-04-09 08:10:44.336523
T-shirt 14,3248800,3.8,3,XL,Women,2025-04-09 08:10:44.336619
Hoodie 15,2184160,3.6,3,XXL,Unisex,2025-04-09 08:10:44.336713
Outerwear 17,841600,3.8,3,M,Women,2025-04-09 08:10:44.336939
Jacket 18,5500000,3.8,3,L,Unisex,2025-04-09 08:10:44.337036
Crewneck 19,1308960,3.6,3,XL,Men,2025-04-09 08:10:44.337131
T-shirt 20,1325600,3.4,3,XXL,Women,2025-04-09 08:10:44.337227
T-shirt 2,1634400,3.9,3,M,Women,2025-04-09 08:10:46.446197
Hoodie 3,7950080,4.8,3,L,Unisex,2025-04-09 08:10:46.446300
Pants 4,7476960,3.3,3,XL,Men,2025-04-09 08:10:46.446406
Outerwear 5,5145440,3.5,3,XXL,Women,2025-04-09 08:10:46.446504
Jacket 6,2453920,3.3,3,S,Unisex,2025-04-09 08:10:46.446602
Crewneck 7,6892000,4.3,3,M,Men,2025-04-09 08:10:46.446697
T-shirt 8,7802560,3.1,3,L,Women,2025-04-09 08:10:46.446792
Hoodie 9,3972160,3.2,3,XL,Unisex,2025-04-09 08:10:46.446887
Pants 10,3100160,4.2,3,XXL,Men,2025-04-09 08:10:46.446983
Jacket 12,8527840,3.9,3,M,Unisex,2025-04-09 08:10:46.447171
Crewneck 13,5447200,3.2,3,L,Men,2025-04-09 08:10:46.447265
T-shirt 14,3248800,3.8,3,XL,Women,2025-04-09 08:10:46.447360
Hoodie 15,2184160,3.6,3,XXL,Unisex,2025-04-09 08:10:46.447455
Outerwear 17,841600,3.8,3,M,Women,2025-04-09 08:10:46.447659
Jacket 18,5500000,3.8,3,L,Unisex,2025-04-09 08:10:46.447758
Crewneck 19,1308960,3.6,3,XL,Men,2025-04-09 08:10:46.447861
T-shirt 20,1325600,3.4,3,XXL,Women,2025-04-09 08:10:46.447956
T-shirt 2,1634400,3.9,3,M,Women,2025-04-09 08:10:48.576766
Hoodie 3,7950080,4.8,3,L,Unisex,2025-04-09 08:10:48.576869
Pants 4,7476960,3.3,3,XL,Men,2025-04-09 08:10:48.576967
Outerwear 5,5145440,3.5,3,XXL,Women,2025-04-09 08:10:48.577067
Jacket 6,2453920,3.3,3,S,Unisex,2025-04-09 08:10:48.577164
Crewneck 7,6892000,4.3,3,M,Men,2025-04-09 08:10:48.577267
T-shirt 8,7802560,3.1,3,L,Women,2025-04-09 08:10:48.577364
Hoodie 9,3972160,3.2,3,XL,Unisex,2025-04-09 08:10:48.577459
Pants 10,3100160,4.2,3,XXL,Men,2025-04-09 08:10:48.577556
Jacket 12,8527840,3.9,3,M,Unisex,2025-04-09 08:10:48.577755
Crewneck 13,5447200,3.2,3,L,Men,2025-04-09 08:10:48.577853
T-shirt 14,3248800,3.8,3,XL,Women,2025-04-09 08:10:48.577951
Hoodie 15,2184160,3.6,3,XXL,Unisex,2025-04-09 08:10:48.578051
Outerwear 17,841600,3.8,3,M,Women,2025-04-09 08:10:48.578264
Jacket 18,5500000,3.8,3,L,Unisex,2025-04-09 08:10:48.578360
Crewneck 19,1308960,3.6,3,XL,Men,2025-04-09 08:10:48.578456
T-shirt 20,1325600,3.4,3,XXL,Women,2025-04-09 08:10:48.578553
T-shirt 2,1634400,3.9,3,M,Women,2025-04-09 08:10:49.870890
Hoodie 3,7950080,4.8,3,L,Unisex,2025-04-09 08:10:49.870925
Pants 4,7476960,3.3,3,XL,Men,2025-04-09 08:10:49.870959
Outerwear 5,5145440,3.5,3,XXL,Women,2025-04-09 08:10:49.870993
Jacket 6,2453920,3.3,3,S,Unisex,2025-04-09 08:10:49.871025
Crewneck 7,6892000,4.3,3,M,Men,2025-04-09 08:10:49.871058
T-shirt 8,7802560,3.1,3,L,Women,2025-04-09 08:10:49.871092
Hoodie 9,3972160,3.2,3,XL,Unisex,2025-04-09 08:10:49.871125
Pants 10,3100160,4.2,3,XXL,Men,2025-04-09 08:10:49.871190
Jacket 12,8527840,3.9,3,M,Unisex,2025-04-09 08:10:49.871293
Crewneck 13,5447200,3.2,3,L,Men,2025-04-09 08:10:49.871328
T-shirt 14,3248800,3.8,3,XL,Women,2025-04-09 08:10:49.871363
Hoodie 15,2184160,3.6,3,XXL,Unisex,2025-04-09 08:10:49.871397
Outerwear 17,841600,3.8,3,M,Women,2025-04-09 08:10:49.871471
Jacket 18,5500000,3.8,3,L,Unisex,2025-04-09 08:10:49.871506
Crewneck 19,1308960,3.6,3,XL,Men,2025-04-09 08:10:49.871540
T-shirt 20,1325600,3.4,3,XXL,Women,2025-04-09 08:10:49.871574
T-shirt 2,1634400,3.9,3,M,Women,2025-04-09 08:10:51.958442
Hoodie 3,7950080,4.8,3,L,Unisex,2025-04-09 08:10:51.958545
Pants 4,7476960,3.3,3,XL,Men,2025-04-09 08:10:51.958644
Outerwear 5,5145440,3.5,3,XXL,Women,2025-04-09 08:10:51.958745
Jacket 6,2453920,3.3,3,S,Unisex,2025-04-09 08:10:51.958842
Crewneck 7,6892000,4.3,3,M,Men,2025-04-09 08:10:51.958939
T-shirt 8,7802560,3.1,3,L,Women,2025-04-09 08:10:51.959036
Hoodie 9,3972160,3.2,3,XL,Unisex,2025-04-09 08:10:51.959132
Pants 10,3100160,4.2,3,XXL,Men,2025-04-09 08:10:51.959229
Jacket 12,8527840,3.9,3,M,Unisex,2025-04-09 08:10:51.959419
Crewneck 13,5447200,3.2,3,L,Men,2025-04-09 08:10:51.959514
T-shirt 14,3248800,3.8,3,XL,Women,2025-04-09 08:10:51.959621
Hoodie 15,2184160,3.6,3,XXL,Unisex,2025-04-09 08:10:51.959717
Outerwear 17,841600,3.8,3,M,Women,2025-04-09 08:10:51.959935
Jacket 18,5500000,3.8,3,L,Unisex,2025-04-09 08:10:51.960030
Crewneck 19,1308960,3.6,3,XL,Men,2025-04-09 08:10:51.960128
T-shirt 20,1325600,3.4,3,XXL,Women,2025-04-09 08:10:51.960230
T-shirt 2,1634400,3.9,3,M,Women,2025-04-09 08:10:54.089023
Hoodie 3,7950080,4.8,3,L,Unisex,2025-04-09 08:10:54.089108
Pants 4,7476960,3.3,3,XL,Men,2025-04-09 08:10:54.089190
Outerwear 5,5145440,3.5,3,XXL,Women,2025-04-09 08:10:54.089270
Jacket 6,2453920,3.3,3,S,Unisex,2025-04-09 08:10:54.089348
Crewneck 7,6892000,4.3,3,M,Men,2025-04-09 08:10:54.089427
T-shirt 8,7802560,3.1,3,L,Women,2025-04-09 08:10:54.089505
Hoodie 9,3972160,3.2,3,XL,Unisex,2025-04-09 08:10:54.089584
Pants 10,3100160,4.2,3,XXL,Men,2025-04-09 08:10:54.089662
Jacket 12,8527840,3.9,3,M,Unisex,2025-04-09 08:10:54.089818
Crewneck 13,5447200,3.2,3,L,Men,2025-04-09 08:10:54.089896
T-shirt 14,3248800,3.8,3,XL,Women,2025-04-09 08:10:54.089973
Hoodie 15,2184160,3.6,3,XXL,Unisex,2025-04-09 08:10:54.090050
Outerwear 17,841600,3.8,3,M,Women,2025-04-09 08:10:54.090219
Jacket 18,5500000,3.8,3,L,Unisex,2025-04-09 08:10:54.090297
Crewneck 19,1308960,3.6,3,XL,Men,2025-04-09 08:10:54.090374
T-shirt 20,1325600,3.4,3,XXL,Women,2025-04-09 08:10:54.090451
T-shirt 2,1634400,3.9,3,M,Women,2025-04-09 08:11:00.096113
Hoodie 3,7950080,4.8,3,L,Unisex,2025-04-09 08:11:00.096163
Pants 4,7476960,3.3,3,XL,Men,2025-04-09 08:11:00.096211
Outerwear 5,5145440,3.5,3,XXL,Women,2025-04-09 08:11:00.096257
Jacket 6,2453920,3.3,3,S,Unisex,2025-04-09 08:11:00.096304
Crewneck 7,6892000,4.3,3,M,Men,2025-04-09 08:11:00.096354
T-shirt 8,7802560,3.1,3,L,Women,2025-04-09 08:11:00.096400
Hoodie 9,3972160,3.2,3,XL,Unisex,2025-04-09 08:11:00.096446
Pants 10,3100160,4.2,3,XXL,Men,2025-04-09 08:11:00.096497
Jacket 12,8527840,3.9,3,M,Unisex,2025-04-09 08:11:00.096589
Crewneck 13,5447200,3.2,3,L,Men,2025-04-09 08:11:00.096634
T-shirt 14,3248800,3.8,3,XL,Women,2025-04-09 08:11:00.096680
Hoodie 15,2184160,3.6,3,XXL,Unisex,2025-04-09 08:11:00.096726
Outerwear 17,841600,3.8,3,M,Women,2025-04-09 08:11:00.096825
Jacket 18,5500000,3.8,3,L,Unisex,2025-04-09 08:11:00.096871
Crewneck 19,1308960,3.6,3,XL,Men,2025-04-09 08:11:00.096916
T-shirt 20,1325600,3.4,3,XXL,Women,2025-04-09 08:11:00.096962
T-shirt 2,1634400,3.9,3,M,Women,2025-04-09 08:11:02.597351
Hoodie 3,7950080,4.8,3,L,Unisex,2025-04-09 08:11:02.597454
Pants 4,7476960,3.3,3,XL,Men,2025-04-09 08:11:02.597562
Outerwear 5,5145440,3.5,3,XXL,Women,2025-04-09 08:11:02.597661
Jacket 6,2453920,3.3,3,S,Unisex,2025-04-09 08:11:02.597757
Crewneck 7,6892000,4.3,3,M,Men,2025-04-09 08:11:02.597855
T-shirt 8,7802560,3.1,3,L,Women,2025-04-09 08:11:02.597952
Hoodie 9,3972160,3.2,3,XL,Unisex,2025-04-09 08:11:02.598048
Pants 10,3100160,4.2,3,XXL,Men,2025-04-09 08:11:02.598144
Jacket 12,8527840,3.9,3,M,Unisex,2025-04-09 08:11:02.598336
Crewneck 13,5447200,3.2,3,L,Men,2025-04-09 08:11:02.598434
T-shirt 14,3248800,3.8,3,XL,Women,2025-04-09 08:11:02.598529
Hoodie 15,2184160,3.6,3,XXL,Unisex,2025-04-09 08:11:02.598624
Outerwear 17,841600,3.8,3,M,Women,2025-04-09 08:11:02.598829
Jacket 18,5500000,3.8,3,L,Unisex,2025-04-09 08:11:02.598928
Crewneck 19,1308960,3.6,3,XL,Men,2025-04-09 08:11:02.599023
T-shirt 20,1325600,3.4,3,XXL,Women,2025-04-09 08:11:02.599120
T-shirt 2,1634400,3.9,3,M,Women,2025-04-09 08:11:03.736304
Hoodie 3,7950080,4.8,3,L,Unisex,2025-04-09 08:11:03.736407
Pants 4,7476960,3.3,3,XL,Men,2025-04-09 08:11:03.736488
Outerwear 5,5145440,3.5,3,XXL,Women,2025-04-09 08:11:03.736568
Jacket 6,2453920,3.3,3,S,Unisex,2025-04-09 08:11:03.736647
Crewneck 7,6892000,4.3,3,M,Men,2025-04-09 08:11:03.736726
T-shirt 8,7802560,3.1,3,L,Women,2025-04-09 08:11:03.736804
Hoodie 9,3972160,3.2,3,XL,Unisex,2025-04-09 08:11:03.736881
Pants 10,3100160,4.2,3,XXL,Men,2025-04-09 08:11:03.736958
Jacket 12,8527840,3.9,3,M,Unisex,2025-04-09 08:11:03.737115
Crewneck 13,5447200,3.2,3,L,Men,2025-04-09 08:11:03.737191
T-shirt 14,3248800,3.8,3,XL,Women,2025-04-09 08:11:03.737270
Hoodie 15,2184160,3.6,3,XXL,Unisex,2025-04-09 08:11:03.737351
Outerwear 17,841600,3.8,3,M,Women,2025-04-09 08:11:03.737522
Jacket 18,5500000,3.8,3,L,Unisex,2025-04-09 08:11:03.737601
Crewneck 19,1308960,3.6,3,XL,Men,2025-04-09 08:11:03.737681
T-shirt 20,1325600,3.4,3,XXL,Women,2025-04-09 08:11:03.737758
T-shirt 2,1634400,3.9,3,M,Women,2025-04-09 08:11:07.962677
Hoodie 3,7950080,4.8,3,L,Unisex,2025-04-09 08:11:07.962723
Pants 4,7476960,3.3,3,XL,Men,2025-04-09 08:11:07.962767
Outerwear 5,5145440,3.5,3,XXL,Women,2025-04-09 08:11:07.962812
Jacket 6,2453920,3.3,3,S,Unisex,2025-04-09 08:11:07.962855
Crewneck 7,6892000,4.3,3,M,Men,2025-04-09 08:11:07.962897
T-shirt 8,7802560,3.1,3,L,Women,2025-04-09 08:11:07.962939
Hoodie 9,3972160,3.2,3,XL,Unisex,2025-04-09 08:11:07.962981
Pants 10,3100160,4.2,3,XXL,Men,2025-04-09 08:11:07.963024
Jacket 12,8527840,3.9,3,M,Unisex,2025-04-09 08:11:07.963108
Crewneck 13,5447200,3.2,3,L,Men,2025-04-09 08:11:07.963150
T-shirt 14,3248800,3.8,3,XL,Women,2025-04-09 08:11:07.963191
Hoodie 15,2184160,3.6,3,XXL,Unisex,2025-04-09 08:11:07.963232
Outerwear 17,841600,3.8,3,M,Women,2025-04-09 08:11:07.963323
Jacket 18,5500000,3.8,3,L,Unisex,2025-04-09 08:11:07.963364
Crewneck 19,1308960,3.6,3,XL,Men,2025-04-09 08:11:07.963406
T-shirt 20,1325600,3.4,3,XXL,Women,2025-04-09 08:11:07.963448
T-shirt 2,1634400,3.9,3,M,Women,2025-04-09 08:11:18.074572
Hoodie 3,7950080,4.8,3,L,Unisex,2025-04-09 08:11:18.074654
Pants 4,7476960,3.3,3,XL,Men,2025-04-09 08:11:18.074723
Outerwear 5,5145440,3.5,3,XXL,Women,2025-04-09 08:11:18.074791
Jacket 6,2453920,3.3,3,S,Unisex,2025-04-09 08:11:18.074862
Crewneck 7,6892000,4.3,3,M,Men,2025-04-09 08:11:18.074931
T-shirt 8,7802560,3.1,3,L,Women,2025-04-09 08:11:18.075000
Hoodie 9,3972160,3.2,3,XL,Unisex,2025-04-09 08:11:18.075067
Pants 10,3100160,4.2,3,XXL,Men,2025-04-09 08:11:18.075133
Jacket 12,8527840,3.9,3,M,Unisex,2025-04-09 08:11:18.075267
Crewneck 13,5447200,3.2,3,L,Men,2025-04-09 08:11:18.075334
T-shirt 14,3248800,3.8,3,XL,Women,2025-04-09 08:11:18.075400
Hoodie 15,2184160,3.6,3,XXL,Unisex,2025-04-09 08:11:18.075466
Outerwear 17,841600,3.8,3,M,Women,2025-04-09 08:11:18.075612
Jacket 18,5500000,3.8,3,L,Unisex,2025-04-09 08:11:18.075679
Crewneck 19,1308960,3.6,3,XL,Men,2025-04-09 08:11:18.075746
T-shirt 20,1325600,3.4,3,XXL,Women,2025-04-09 08:11:18.075813
T-shirt 2,1634400,3.9,3,M,Women,2025-04-09 08:11:32.096928
Hoodie 3,7950080,4.8,3,L,Unisex,2025-04-09 08:11:32.097032
Pants 4,7476960,3.3,3,XL,Men,2025-04-09 08:11:32.097132
Outerwear 5,5145440,3.5,3,XXL,Women,2025-04-09 08:11:32.097230
Jacket 6,2453920,3.3,3,S,Unisex,2025-04-09 08:11:32.097325
Crewneck 7,6892000,4.3,3,M,Men,2025-04-09 08:11:32.097442
T-shirt 8,7802560,3.1,3,L,Women,2025-04-09 08:11:32.097537
Hoodie 9,3972160,3.2,3,XL,Unisex,2025-04-09 08:11:32.097635
Pants 10,3100160,4.2,3,XXL,Men,2025-04-09 08:11:32.097731
Jacket 12,8527840,3.9,3,M,Unisex,2025-04-09 08:11:32.097921
Crewneck 13,5447200,3.2,3,L,Men,2025-04-09 08:11:32.098017
T-shirt 14,3248800,3.8,3,XL,Women,2025-04-09 08:11:32.098112
Hoodie 15,2184160,3.6,3,XXL,Unisex,2025-04-09 08:11:32.098237
Outerwear 17,841600,3.8,3,M,Women,2025-04-09 08:11:32.098477
Jacket 18,5500000,3.8,3,L,Unisex,2025-04-09 08:11:32.098575
Crewneck 19,1308960,3.6,3,XL,Men,2025-04-09 08:11:32.098671
T-shirt 20,1325600,3.4,3,XXL,Women,2025-04-09 08:11:32.098766
T-shirt 2,1634400,3.9,3,M,Women,2025-04-09 08:12:09.556092
Hoodie 3,7950080,4.8,3,L,Unisex,2025-04-09 08:12:09.556195
Pants 4,7476960,3.3,3,XL,Men,2025-04-09 08:12:09.556293
Outerwear 5,5145440,3.5,3,XXL,Women,2025-04-09 08:12:09.556390
Jacket 6,2453920,3.3,3,S,Unisex,2025-04-09 08:12:09.556484
Crewneck 7,6892000,4.3,3,M,Men,2025-04-09 08:12:09.556581
T-shirt 8,7802560,3.1,3,L,Women,2025-04-09 08:12:09.556685
Hoodie 9,3972160,3.2,3,XL,Unisex,2025-04-09 08:12:09.556782
Pants 10,3100160,4.2,3,XXL,Men,2025-04-09 08:12:09.556862
Jacket 12,8527840,3.9,3,M,Unisex,2025-04-09 08:12:09.557017
Crewneck 13,5447200,3.2,3,L,Men,2025-04-09 08:12:09.557095
T-shirt 14,3248800,3.8,3,XL,Women,2025-04-09 08:12:09.557173
Hoodie 15,2184160,3.6,3,XXL,Unisex,2025-04-09 08:12:09.557252
Outerwear 17,841600,3.8,3,M,Women,2025-04-09 08:12:09.557419
Jacket 18,5500000,3.8,3,L,Unisex,2025-04-09 08:12:09.557496
Crewneck 19,1308960,3.6,3,XL,Men,2025-04-09 08:12:09.557572
T-shirt 20,1325600,3.4,3,XXL,Women,2025-04-09 08:12:09.557650
T-shirt 2,1634400,3.9,3,M,Women,2025-04-09 08:12:11.664390
Hoodie 3,7950080,4.8,3,L,Unisex,2025-04-09 08:12:11.664439
Pants 4,7476960,3.3,3,XL,Men,2025-04-09 08:12:11.664486
Outerwear 5,5145440,3.5,3,XXL,Women,2025-04-09 08:12:11.664532
Jacket 6,2453920,3.3,3,S,Unisex,2025-04-09 08:12:11.664579
Crewneck 7,6892000,4.3,3,M,Men,2025-04-09 08:12:11.664626
T-shirt 8,7802560,3.1,3,L,Women,2025-04-09 08:12:11.664672
Hoodie 9,3972160,3.2,3,XL,Unisex,2025-04-09 08:12:11.664718
Pants 10,3100160,4.2,3,XXL,Men,2025-04-09 08:12:11.664770
Jacket 12,8527840,3.9,3,M,Unisex,2025-04-09 08:12:11.664863
Crewneck 13,5447200,3.2,3,L,Men,2025-04-09 08:12:11.664909
T-shirt 14,3248800,3.8,3,XL,Women,2025-04-09 08:12:11.664955
Hoodie 15,2184160,3.6,3,XXL,Unisex,2025-04-09 08:12:11.665001
Outerwear 17,841600,3.8,3,M,Women,2025-04-09 08:12:11.665099
Jacket 18,5500000,3.8,3,L,Unisex,2025-04-09 08:12:11.665157
Crewneck 19,1308960,3.6,3,XL,Men,2025-04-09 08:12:11.665203
T-shirt 20,1325600,3.4,3,XXL,Women,2025-04-09 08:12:11.665249
T-shirt 2,1634400,3.9,3,M,Women,2025-04-09 08:12:13.626207
Hoodie 3,7950080,4.8,3,L,Unisex,2025-04-09 08:12:13.626269
Pants 4,7476960,3.3,3,XL,Men,2025-04-09 08:12:13.626329
Outerwear 5,5145440,3.5,3,XXL,Women,2025-04-09 08:12:13.626388
Jacket 6,2453920,3.3,3,S,Unisex,2025-04-09 08:12:13.626447
Crewneck 7,6892000,4.3,3,M,Men,2025-04-09 08:12:13.626505
T-shirt 8,7802560,3.1,3,L,Women,2025-04-09 08:12:13.626564
Hoodie 9,3972160,3.2,3,XL,Unisex,2025-04-09 08:12:13.626621
Pants 10,3100160,4.2,3,XXL,Men,2025-04-09 08:12:13.626679
Jacket 12,8527840,3.9,3,M,Unisex,2025-04-09 08:12:13.626797
Crewneck 13,5447200,3.2,3,L,Men,2025-04-09 08:12:13.626859
T-shirt 14,3248800,3.8,3,XL,Women,2025-04-09 08:12:13.626924
Hoodie 15,2184160,3.6,3,XXL,Unisex,2025-04-09 08:12:13.626983
Outerwear 17,841600,3.8,3,M,Women,2025-04-09 08:12:13.627107
Jacket 18,5500000,3.8,3,L,Unisex,2025-04-09 08:12:13.627165
Crewneck 19,1308960,3.6,3,XL,Men,2025-04-09 08:12:13.627223
T-shirt 20,1325600,3.4,3,XXL,Women,2025-04-09 08:12:13.627280
T-shirt 2,1634400,3.9,3,M,Women,2025-04-09 08:12:15.836548
Hoodie 3,7950080,4.8,3,L,Unisex,2025-04-09 08:12:15.836631
Pants 4,7476960,3.3,3,XL,Men,2025-04-09 08:12:15.836712
Outerwear 5,5145440,3.5,3,XXL,Women,2025-04-09 08:12:15.836793
Jacket 6,2453920,3.3,3,S,Unisex,2025-04-09 08:12:15.836872
Crewneck 7,6892000,4.3,3,M,Men,2025-04-09 08:12:15.836952
T-shirt 8,7802560,3.1,3,L,Women,2025-04-09 08:12:15.837029
Hoodie 9,3972160,3.2,3,XL,Unisex,2025-04-09 08:12:15.837109
Pants 10,3100160,4.2,3,XXL,Men,2025-04-09 08:12:15.837187
Jacket 12,8527840,3.9,3,M,Unisex,2025-04-09 08:12:15.843859
Crewneck 13,5447200,3.2,3,L,Men,2025-04-09 08:12:15.843941
T-shirt 14,3248800,3.8,3,XL,Women,2025-04-09 08:12:15.844021
Hoodie 15,2184160,3.6,3,XXL,Unisex,2025-04-09 08:12:15.844106
Outerwear 17,841600,3.8,3,M,Women,2025-04-09 08:12:15.844277
Jacket 18,5500000,3.8,3,L,Unisex,2025-04-09 08:12:15.844356
Crewneck 19,1308960,3.6,3,XL,Men,2025-04-09 08:12:15.844436
T-shirt 20,1325600,3.4,3,XXL,Women,2025-04-09 08:12:15.844516
T-shirt 2,1634400,3.9,3,M,Women,2025-04-09 08:12:18.027242
Hoodie 3,7950080,4.8,3,L,Unisex,2025-04-09 08:12:18.027286
Pants 4,7476960,3.3,3,XL,Men,2025-04-09 08:12:18.027327
Outerwear 5,5145440,3.5,3,XXL,Women,2025-04-09 08:12:18.027368
Jacket 6,2453920,3.3,3,S,Unisex,2025-04-09 08:12:18.027408
Crewneck 7,6892000,4.3,3,M,Men,2025-04-09 08:12:18.027448
T-shirt 8,7802560,3.1,3,L,Women,2025-04-09 08:12:18.027487
Hoodie 9,3972160,3.2,3,XL,Unisex,2025-04-09 08:12:18.027527
Pants 10,3100160,4.2,3,XXL,Men,2025-04-09 08:12:18.027566
Jacket 12,8527840,3.9,3,M,Unisex,2025-04-09 08:12:18.027646
Crewneck 13,5447200,3.2,3,L,Men,2025-04-09 08:12:18.027685
T-shirt 14,3248800,3.8,3,XL,Women,2025-04-09 08:12:18.027724
Hoodie 15,2184160,3.6,3,XXL,Unisex,2025-04-09 08:12:18.027763
Outerwear 17,841600,3.8,3,M,Women,2025-04-09 08:12:18.027852
Jacket 18,5500000,3.8,3,L,Unisex,2025-04-09 08:12:18.027891
Crewneck 19,1308960,3.6,3,XL,Men,2025-04-09 08:12:18.027930
T-shirt 20,1325600,3.4,3,XXL,Women,2025-04-09 08:12:18.027969
T-shirt 2,1634400,3.9,3,M,Women,2025-04-09 08:12:19.703613
Hoodie 3,7950080,4.8,3,L,Unisex,2025-04-09 08:12:19.703648
Pants 4,7476960,3.3,3,XL,Men,2025-04-09 08:12:19.703682
Outerwear 5,5145440,3.5,3,XXL,Women,2025-04-09 08:12:19.703716
Jacket 6,2453920,3.3,3,S,Unisex,2025-04-09 08:12:19.703751
Crewneck 7,6892000,4.3,3,M,Men,2025-04-09 08:12:19.703785
T-shirt 8,7802560,3.1,3,L,Women,2025-04-09 08:12:19.703818
Hoodie 9,3972160,3.2,3,XL,Unisex,2025-04-09 08:12:19.703852
Pants 10,3100160,4.2,3,XXL,Men,2025-04-09 08:12:19.703885
Jacket 12,8527840,3.9,3,M,Unisex,2025-04-09 08:12:19.703953
Crewneck 13,5447200,3.2,3,L,Men,2025-04-09 08:12:19.703986
T-shirt 14,3248800,3.8,3,XL,Women,2025-04-09 08:12:19.704019
Hoodie 15,2184160,3.6,3,XXL,Unisex,2025-04-09 08:12:19.704052
Outerwear 17,841600,3.8,3,M,Women,2025-04-09 08:12:19.704124
Jacket 18,5500000,3.8,3,L,Unisex,2025-04-09 08:12:19.704157
Crewneck 19,1308960,3.6,3,XL,Men,2025-04-09 08:12:19.704190
T-shirt 20,1325600,3.4,3,XXL,Women,2025-04-09 08:12:19.704271
T-shirt 2,1634400,3.9,3,M,Women,2025-04-09 08:12:21.827633
Hoodie 3,7950080,4.8,3,L,Unisex,2025-04-09 08:12:21.827717
Pants 4,7476960,3.3,3,XL,Men,2025-04-09 08:12:21.827798
Outerwear 5,5145440,3.5,3,XXL,Women,2025-04-09 08:12:21.827877
Jacket 6,2453920,3.3,3,S,Unisex,2025-04-09 08:12:21.827956
Crewneck 7,6892000,4.3,3,M,Men,2025-04-09 08:12:21.828036
T-shirt 8,7802560,3.1,3,L,Women,2025-04-09 08:12:21.828116
Hoodie 9,3972160,3.2,3,XL,Unisex,2025-04-09 08:12:21.828196
Pants 10,3100160,4.2,3,XXL,Men,2025-04-09 08:12:21.828276
Jacket 12,8527840,3.9,3,M,Unisex,2025-04-09 08:12:21.828436
Crewneck 13,5447200,3.2,3,L,Men,2025-04-09 08:12:21.828516
T-shirt 14,3248800,3.8,3,XL,Women,2025-04-09 08:12:21.828595
Hoodie 15,2184160,3.6,3,XXL,Unisex,2025-04-09 08:12:21.828675
Outerwear 17,841600,3.8,3,M,Women,2025-04-09 08:12:21.828844
Jacket 18,5500000,3.8,3,L,Unisex,2025-04-09 08:12:21.828924
Crewneck 19,1308960,3.6,3,XL,Men,2025-04-09 08:12:21.829004
T-shirt 20,1325600,3.4,3,XXL,Women,2025-04-09 08:12:21.829081
T-shirt 2,1634400,3.9,3,M,Women,2025-04-09 08:12:24.940629
Hoodie 3,7950080,4.8,3,L,Unisex,2025-04-09 08:12:24.940665
Pants 4,7476960,3.3,3,XL,Men,2025-04-09 08:12:24.940711
Outerwear 5,5145440,3.5,3,XXL,Women,2025-04-09 08:12:24.940749
Jacket 6,2453920,3.3,3,S,Unisex,2025-04-09 08:12:24.940787
Crewneck 7,6892000,4.3,3,M,Men,2025-04-09 08:12:24.940824
T-shirt 8,7802560,3.1,3,L,Women,2025-04-09 08:12:24.940859
Hoodie 9,3972160,3.2,3,XL,Unisex,2025-04-09 08:12:24.940892
Pants 10,3100160,4.2,3,XXL,Men,2025-04-09 08:12:24.940926
Jacket 12,8527840,3.9,3,M,Unisex,2025-04-09 08:12:24.940993
Crewneck 13,5447200,3.2,3,L,Men,2025-04-09 08:12:24.941026
T-shirt 14,3248800,3.8,3,XL,Women,2025-04-09 08:12:24.941060
Hoodie 15,2184160,3.6,3,XXL,Unisex,2025-04-09 08:12:24.941093
Outerwear 17,841600,3.8,3,M,Women,2025-04-09 08:12:24.941163
Jacket 18,5500000,3.8,3,L,Unisex,2025-04-09 08:12:24.941195
Crewneck 19,1308960,3.6,3,XL,Men,2025-04-09 08:12:24.941228
T-shirt 20,1325600,3.4,3,XXL,Women,2025-04-09 08:12:24.941260
T-shirt 2,1634400,3.9,3,M,Women,2025-04-09 08:12:26.880678
Hoodie 3,7950080,4.8,3,L,Unisex,2025-04-09 08:12:26.880723
Pants 4,7476960,3.3,3,XL,Men,2025-04-09 08:12:26.880769
Outerwear 5,5145440,3.5,3,XXL,Women,2025-04-09 08:12:26.880824
Jacket 6,2453920,3.3,3,S,Unisex,2025-04-09 08:12:26.880869
Crewneck 7,6892000,4.3,3,M,Men,2025-04-09 08:12:26.880912
T-shirt 8,7802560,3.1,3,L,Women,2025-04-09 08:12:26.880955
Hoodie 9,3972160,3.2,3,XL,Unisex,2025-04-09 08:12:26.880997
Pants 10,3100160,4.2,3,XXL,Men,2025-04-09 08:12:26.881040
Jacket 12,8527840,3.9,3,M,Unisex,2025-04-09 08:12:26.881124
Crewneck 13,5447200,3.2,3,L,Men,2025-04-09 08:12:26.881167
T-shirt 14,3248800,3.8,3,XL,Women,2025-04-09 08:12:26.881210
Hoodie 15,2184160,3.6,3,XXL,Unisex,2025-04-09 08:12:26.881252
Outerwear 17,841600,3.8,3,M,Women,2025-04-09 08:12:26.881342
Jacket 18,5500000,3.8,3,L,Unisex,2025-04-09 08:12:26.881384
Crewneck 19,1308960,3.6,3,XL,Men,2025-04-09 08:12:26.881425
T-shirt 20,1325600,3.4,3,XXL,Women,2025-04-09 08:12:26.881467
T-shirt 2,1634400,3.9,3,M,Women,2025-04-09 08:12:28.862549
Hoodie 3,7950080,4.8,3,L,Unisex,2025-04-09 08:12:28.862623
Pants 4,7476960,3.3,3,XL,Men,2025-04-09 08:12:28.862698
Outerwear 5,5145440,3.5,3,XXL,Women,2025-04-09 08:12:28.862771
Jacket 6,2453920,3.3,3,S,Unisex,2025-04-09 08:12:28.862849
Crewneck 7,6892000,4.3,3,M,Men,2025-04-09 08:12:28.862929
T-shirt 8,7802560,3.1,3,L,Women,2025-04-09 08:12:28.863008
Hoodie 9,3972160,3.2,3,XL,Unisex,2025-04-09 08:12:28.863087
Pants 10,3100160,4.2,3,XXL,Men,2025-04-09 08:12:28.863167
Jacket 12,8527840,3.9,3,M,Unisex,2025-04-09 08:12:28.863326
Crewneck 13,5447200,3.2,3,L,Men,2025-04-09 08:12:28.863403
T-shirt 14,3248800,3.8,3,XL,Women,2025-04-09 08:12:28.863482
Hoodie 15,2184160,3.6,3,XXL,Unisex,2025-04-09 08:12:28.863559
Outerwear 17,841600,3.8,3,M,Women,2025-04-09 08:12:28.863728
Jacket 18,5500000,3.8,3,L,Unisex,2025-04-09 08:12:28.863807
Crewneck 19,1308960,3.6,3,XL,Men,2025-04-09 08:12:28.863885
T-shirt 20,1325600,3.4,3,XXL,Women,2025-04-09 08:12:28.863963
T-shirt 2,1634400,3.9,3,M,Women,2025-04-09 08:12:30.237194
Hoodie 3,7950080,4.8,3,L,Unisex,2025-04-09 08:12:30.237279
Pants 4,7476960,3.3,3,XL,Men,2025-04-09 08:12:30.237370
Outerwear 5,5145440,3.5,3,XXL,Women,2025-04-09 08:12:30.237456
Jacket 6,2453920,3.3,3,S,Unisex,2025-04-09 08:12:30.237535
Crewneck 7,6892000,4.3,3,M,Men,2025-04-09 08:12:30.237617
T-shirt 8,7802560,3.1,3,L,Women,2025-04-09 08:12:30.237696
Hoodie 9,3972160,3.2,3,XL,Unisex,2025-04-09 08:12:30.237774
Pants 10,3100160,4.2,3,XXL,Men,2025-04-09 08:12:30.237853
Jacket 12,8527840,3.9,3,M,Unisex,2025-04-09 08:12:30.238009
Crewneck 13,5447200,3.2,3,L,Men,2025-04-09 08:12:30.238088
T-shirt 14,3248800,3.8,3,XL,Women,2025-04-09 08:12:30.238169
Hoodie 15,2184160,3.6,3,XXL,Unisex,2025-04-09 08:12:30.238246
Outerwear 17,841600,3.8,3,M,Women,2025-04-09 08:12:30.238415
Jacket 18,5500000,3.8,3,L,Unisex,2025-04-09 08:12:30.238493
Crewneck 19,1308960,3.6,3,XL,Men,2025-04-09 08:12:30.238572
T-shirt 20,1325600,3.4,3,XXL,Women,2025-04-09 08:12:30.238650
T-shirt 2,1634400,3.9,3,M,Women,2025-04-09 08:12:32.521892
Hoodie 3,7950080,4.8,3,L,Unisex,2025-04-09 08:12:32.521996
Pants 4,7476960,3.3,3,XL,Men,2025-04-09 08:12:32.522095
Outerwear 5,5145440,3.5,3,XXL,Women,2025-04-09 08:12:32.522192
Jacket 6,2453920,3.3,3,S,Unisex,2025-04-09 08:12:32.522304
Crewneck 7,6892000,4.3,3,M,Men,2025-04-09 08:12:32.522405
T-shirt 8,7802560,3.1,3,L,Women,2025-04-09 08:12:32.522505
Hoodie 9,3972160,3.2,3,XL,Unisex,2025-04-09 08:12:32.522600
Pants 10,3100160,4.2,3,XXL,Men,2025-04-09 08:12:32.522695
Jacket 12,8527840,3.9,3,M,Unisex,2025-04-09 08:12:32.522891
Crewneck 13,5447200,3.2,3,L,Men,2025-04-09 08:12:32.522989
T-shirt 14,3248800,3.8,3,XL,Women,2025-04-09 08:12:32.523086
Hoodie 15,2184160,3.6,3,XXL,Unisex,2025-04-09 08:12:32.524003
Outerwear 17,841600,3.8,3,M,Women,2025-04-09 08:12:32.524220
Jacket 18,5500000,3.8,3,L,Unisex,2025-04-09 08:12:32.524315
Crewneck 19,1308960,3.6,3,XL,Men,2025-04-09 08:12:32.524409
T-shirt 20,1325600,3.4,3,XXL,Women,2025-04-09 08:12:32.524517
T-shirt 2,1634400,3.9,3,M,Women,2025-04-09 08:12:34.367877
Hoodie 3,7950080,4.8,3,L,Unisex,2025-04-09 08:12:34.367926
Pants 4,7476960,3.3,3,XL,Men,2025-04-09 08:12:34.367968
Outerwear 5,5145440,3.5,3,XXL,Women,2025-04-09 08:12:34.368009
Jacket 6,2453920,3.3,3,S,Unisex,2025-04-09 08:12:34.368048
Crewneck 7,6892000,4.3,3,M,Men,2025-04-09 08:12:34.368087
T-shirt 8,7802560,3.1,3,L,Women,2025-04-09 08:12:34.368127
Hoodie 9,3972160,3.2,3,XL,Unisex,2025-04-09 08:12:34.368166
Pants 10,3100160,4.2,3,XXL,Men,2025-04-09 08:12:34.368205
Jacket 12,8527840,3.9,3,M,Unisex,2025-04-09 08:12:34.368283
Crewneck 13,5447200,3.2,3,L,Men,2025-04-09 08:12:34.368322
T-shirt 14,3248800,3.8,3,XL,Women,2025-04-09 08:12:34.368361
Hoodie 15,2184160,3.6,3,XXL,Unisex,2025-04-09 08:12:34.368400
Outerwear 17,841600,3.8,3,M,Women,2025-04-09 08:12:34.368488
Jacket 18,5500000,3.8,3,L,Unisex,2025-04-09 08:12:34.368527
Crewneck 19,1308960,3.6,3,XL,Men,2025-04-09 08:12:34.368566
T-shirt 20,1325600,3.4,3,XXL,Women,2025-04-09 08:12:34.368604
T-shirt 2,1634400,3.9,3,M,Women,2025-04-09 08:12:36.672201
Hoodie 3,7950080,4.8,3,L,Unisex,2025-04-09 08:12:36.672245
Pants 4,7476960,3.3,3,XL,Men,2025-04-09 08:12:36.672288
Outerwear 5,5145440,3.5,3,XXL,Women,2025-04-09 08:12:36.672331
Jacket 6,2453920,3.3,3,S,Unisex,2025-04-09 08:12:36.672372
Crewneck 7,6892000,4.3,3,M,Men,2025-04-09 08:12:36.672415
T-shirt 8,7802560,3.1,3,L,Women,2025-04-09 08:12:36.672457
Hoodie 9,3972160,3.2,3,XL,Unisex,2025-04-09 08:12:36.672498
Pants 10,3100160,4.2,3,XXL,Men,2025-04-09 08:12:36.672539
Jacket 12,8527840,3.9,3,M,Unisex,2025-04-09 08:12:36.672637
Crewneck 13,5447200,3.2,3,L,Men,2025-04-09 08:12:36.672678
T-shirt 14,3248800,3.8,3,XL,Women,2025-04-09 08:12:36.672719
Hoodie 15,2184160,3.6,3,XXL,Unisex,2025-04-09 08:12:36.672761
Outerwear 17,841600,3.8,3,M,Women,2025-04-09 08:12:36.672850
Jacket 18,5500000,3.8,3,L,Unisex,2025-04-09 08:12:36.672892
Crewneck 19,1308960,3.6,3,XL,Men,2025-04-09 08:12:36.672933
T-shirt 20,1325600,3.4,3,XXL,Women,2025-04-09 08:12:36.672974
T-shirt 2,1634400,3.9,3,M,Women,2025-04-09 08:12:38.801626
Hoodie 3,7950080,4.8,3,L,Unisex,2025-04-09 08:12:38.801731
Pants 4,7476960,3.3,3,XL,Men,2025-04-09 08:12:38.801832
Outerwear 5,5145440,3.5,3,XXL,Women,2025-04-09 08:12:38.801939
Jacket 6,2453920,3.3,3,S,Unisex,2025-04-09 08:12:38.802043
Crewneck 7,6892000,4.3,3,M,Men,2025-04-09 08:12:38.802147
T-shirt 8,7802560,3.1,3,L,Women,2025-04-09 08:12:38.802249
Hoodie 9,3972160,3.2,3,XL,Unisex,2025-04-09 08:12:38.802351
Pants 10,3100160,4.2,3,XXL,Men,2025-04-09 08:12:38.802454
Jacket 12,8527840,3.9,3,M,Unisex,2025-04-09 08:12:38.802667
Crewneck 13,5447200,3.2,3,L,Men,2025-04-09 08:12:38.802772
T-shirt 14,3248800,3.8,3,XL,Women,2025-04-09 08:12:38.802875
Hoodie 15,2184160,3.6,3,XXL,Unisex,2025-04-09 08:12:38.802972
Outerwear 17,841600,3.8,3,M,Women,2025-04-09 08:12:38.803154
Jacket 18,5500000,3.8,3,L,Unisex,2025-04-09 08:12:38.803239
Crewneck 19,1308960,3.6,3,XL,Men,2025-04-09 08:12:38.803322
T-shirt 20,1325600,3.4,3,XXL,Women,2025-04-09 08:12:38.803402
T-shirt 2,1634400,3.9,3,M,Women,2025-04-09 08:12:40.943661
Hoodie 3,7950080,4.8,3,L,Unisex,2025-04-09 08:12:40.943699
Pants 4,7476960,3.3,3,XL,Men,2025-04-09 08:12:40.943735
Outerwear 5,5145440,3.5,3,XXL,Women,2025-04-09 08:12:40.943770
Jacket 6,2453920,3.3,3,S,Unisex,2025-04-09 08:12:40.943804
Crewneck 7,6892000,4.3,3,M,Men,2025-04-09 08:12:40.943840
T-shirt 8,7802560,3.1,3,L,Women,2025-04-09 08:12:40.943874
Hoodie 9,3972160,3.2,3,XL,Unisex,2025-04-09 08:12:40.943909
Pants 10,3100160,4.2,3,XXL,Men,2025-04-09 08:12:40.943943
Jacket 12,8527840,3.9,3,M,Unisex,2025-04-09 08:12:40.944015
Crewneck 13,5447200,3.2,3,L,Men,2025-04-09 08:12:40.944049
T-shirt 14,3248800,3.8,3,XL,Women,2025-04-09 08:12:40.944083
Hoodie 15,2184160,3.6,3,XXL,Unisex,2025-04-09 08:12:40.944117
Outerwear 17,841600,3.8,3,M,Women,2025-04-09 08:12:40.944190
Jacket 18,5500000,3.8,3,L,Unisex,2025-04-09 08:12:40.944224
Crewneck 19,1308960,3.6,3,XL,Men,2025-04-09 08:12:40.944257
T-shirt 20,1325600,3.4,3,XXL,Women,2025-04-09 08:12:40.944292
T-shirt 2,1634400,3.9,3,M,Women,2025-04-09 08:12:43.055592
Hoodie 3,7950080,4.8,3,L,Unisex,2025-04-09 08:12:43.055637
Pants 4,7476960,3.3,3,XL,Men,2025-04-09 08:12:43.055677
Outerwear 5,5145440,3.5,3,XXL,Women,2025-04-09 08:12:43.055717
Jacket 6,2453920,3.3,3,S,Unisex,2025-04-09 08:12:43.055756
Crewneck 7,6892000,4.3,3,M,Men,2025-04-09 08:12:43.055795
T-shirt 8,7802560,3.1,3,L,Women,2025-04-09 08:12:43.055834
Hoodie 9,3972160,3.2,3,XL,Unisex,2025-04-09 08:12:43.055873
Pants 10,3100160,4.2,3,XXL,Men,2025-04-09 08:12:43.055911
Jacket 12,8527840,3.9,3,M,Unisex,2025-04-09 08:12:43.055989
Crewneck 13,5447200,3.2,3,L,Men,2025-04-09 08:12:43.056029
T-shirt 14,3248800,3.8,3,XL,Women,2025-04-09 08:12:43.056068
Hoodie 15,2184160,3.6,3,XXL,Unisex,2025-04-09 08:12:43.056108
Outerwear 17,841600,3.8,3,M,Women,2025-04-09 08:12:43.056192
Jacket 18,5500000,3.8,3,L,Unisex,2025-04-09 08:12:43.056231
Crewneck 19,1308960,3.6,3,XL,Men,2025-04-09 08:12:43.056270
T-shirt 20,1325600,3.4,3,XXL,Women,2025-04-09 08:12:43.056309
T-shirt 2,1634400,3.9,3,M,Women,2025-04-09 08:12:45.163350
Hoodie 3,7950080,4.8,3,L,Unisex,2025-04-09 08:12:45.163388
Pants 4,7476960,3.3,3,XL,Men,2025-04-09 08:12:45.163424
Outerwear 5,5145440,3.5,3,XXL,Women,2025-04-09 08:12:45.163459
Jacket 6,2453920,3.3,3,S,Unisex,2025-04-09 08:12:45.163495
Crewneck 7,6892000,4.3,3,M,Men,2025-04-09 08:12:45.163531
T-shirt 8,7802560,3.1,3,L,Women,2025-04-09 08:12:45.163566
Hoodie 9,3972160,3.2,3,XL,Unisex,2025-04-09 08:12:45.163602
Pants 10,3100160,4.2,3,XXL,Men,2025-04-09 08:12:45.163636
Jacket 12,8527840,3.9,3,M,Unisex,2025-04-09 08:12:45.163707
Crewneck 13,5447200,3.2,3,L,Men,2025-04-09 08:12:45.163743
T-shirt 14,3248800,3.8,3,XL,Women,2025-04-09 08:12:45.163778
Hoodie 15,2184160,3.6,3,XXL,Unisex,2025-04-09 08:12:45.163986
Outerwear 17,841600,3.8,3,M,Women,2025-04-09 08:12:45.164077
Jacket 18,5500000,3.8,3,L,Unisex,2025-04-09 08:12:45.164111
Crewneck 19,1308960,3.6,3,XL,Men,2025-04-09 08:12:45.164176
T-shirt 20,1325600,3.4,3,XXL,Women,2025-04-09 08:12:45.164360
T-shirt 2,1634400,3.9,3,M,Women,2025-04-09 08:12:46.767025
Hoodie 3,7950080,4.8,3,L,Unisex,2025-04-09 08:12:46.767070
Pants 4,7476960,3.3,3,XL,Men,2025-04-09 08:12:46.767113
Outerwear 5,5145440,3.5,3,XXL,Women,2025-04-09 08:12:46.767156
Jacket 6,2453920,3.3,3,S,Unisex,2025-04-09 08:12:46.767198
Crewneck 7,6892000,4.3,3,M,Men,2025-04-09 08:12:46.767240
T-shirt 8,7802560,3.1,3,L,Women,2025-04-09 08:12:46.767283
Hoodie 9,3972160,3.2,3,XL,Unisex,2025-04-09 08:12:46.767330
Pants 10,3100160,4.2,3,XXL,Men,2025-04-09 08:12:46.767374
Jacket 12,8527840,3.9,3,M,Unisex,2025-04-09 08:12:46.767460
Crewneck 13,5447200,3.2,3,L,Men,2025-04-09 08:12:46.767502
T-shirt 14,3248800,3.8,3,XL,Women,2025-04-09 08:12:46.767543
Hoodie 15,2184160,3.6,3,XXL,Unisex,2025-04-09 08:12:46.767589
Outerwear 17,841600,3.8,3,M,Women,2025-04-09 08:12:46.767680
Jacket 18,5500000,3.8,3,L,Unisex,2025-04-09 08:12:46.767721
Crewneck 19,1308960,3.6,3,XL,Men,2025-04-09 08:12:46.767763
T-shirt 20,1325600,3.4,3,XXL,Women,2025-04-09 08:12:46.767805
T-shirt 2,1634400,3.9,3,M,Women,2025-04-09 08:12:49.823812
Hoodie 3,7950080,4.8,3,L,Unisex,2025-04-09 08:12:49.823868
Pants 4,7476960,3.3,3,XL,Men,2025-04-09 08:12:49.823922
Outerwear 5,5145440,3.5,3,XXL,Women,2025-04-09 08:12:49.823975
Jacket 6,2453920,3.3,3,S,Unisex,2025-04-09 08:12:49.824027
Crewneck 7,6892000,4.3,3,M,Men,2025-04-09 08:12:49.824085
T-shirt 8,7802560,3.1,3,L,Women,2025-04-09 08:12:49.824138
Hoodie 9,3972160,3.2,3,XL,Unisex,2025-04-09 08:12:49.824196
Pants 10,3100160,4.2,3,XXL,Men,2025-04-09 08:12:49.824250
Jacket 12,8527840,3.9,3,M,Unisex,2025-04-09 08:12:49.824368
Crewneck 13,5447200,3.2,3,L,Men,2025-04-09 08:12:49.824420
T-shirt 14,3248800,3.8,3,XL,Women,2025-04-09 08:12:49.824470
Hoodie 15,2184160,3.6,3,XXL,Unisex,2025-04-09 08:12:49.824523
Outerwear 17,841600,3.8,3,M,Women,2025-04-09 08:12:49.824642
Jacket 18,5500000,3.8,3,L,Unisex,2025-04-09 08:12:49.824695
Crewneck 19,1308960,3.6,3,XL,Men,2025-04-09 08:12:49.824746
T-shirt 20,1325600,3.4,3,XXL,Women,2025-04-09 08:12:49.824797
T-shirt 2,1634400,3.9,3,M,Women,2025-04-09 08:12:52.013989
Hoodie 3,7950080,4.8,3,L,Unisex,2025-04-09 08:12:52.014048
Pants 4,7476960,3.3,3,XL,Men,2025-04-09 08:12:52.014101
Outerwear 5,5145440,3.5,3,XXL,Women,2025-04-09 08:12:52.014160
Jacket 6,2453920,3.3,3,S,Unisex,2025-04-09 08:12:52.014232
Crewneck 7,6892000,4.3,3,M,Men,2025-04-09 08:12:52.014294
T-shirt 8,7802560,3.1,3,L,Women,2025-04-09 08:12:52.014347
Hoodie 9,3972160,3.2,3,XL,Unisex,2025-04-09 08:12:52.014400
Pants 10,3100160,4.2,3,XXL,Men,2025-04-09 08:12:52.014452
Jacket 12,8527840,3.9,3,M,Unisex,2025-04-09 08:12:52.014556
Crewneck 13,5447200,3.2,3,L,Men,2025-04-09 08:12:52.014607
T-shirt 14,3248800,3.8,3,XL,Women,2025-04-09 08:12:52.014658
Hoodie 15,2184160,3.6,3,XXL,Unisex,2025-04-09 08:12:52.014709
Outerwear 17,841600,3.8,3,M,Women,2025-04-09 08:12:52.014819
Jacket 18,5500000,3.8,3,L,Unisex,2025-04-09 08:12:52.014870
Crewneck 19,1308960,3.6,3,XL,Men,2025-04-09 08:12:52.014920
T-shirt 20,1325600,3.4,3,XXL,Women,2025-04-09 08:12:52.014971
T-shirt 2,1634400,3.9,3,M,Women,2025-04-09 08:12:54.139954
Hoodie 3,7950080,4.8,3,L,Unisex,2025-04-09 08:12:54.139992
Pants 4,7476960,3.3,3,XL,Men,2025-04-09 08:12:54.140030
Outerwear 5,5145440,3.5,3,XXL,Women,2025-04-09 08:12:54.140066
Jacket 6,2453920,3.3,3,S,Unisex,2025-04-09 08:12:54.140103
Crewneck 7,6892000,4.3,3,M,Men,2025-04-09 08:12:54.140139
T-shirt 8,7802560,3.1,3,L,Women,2025-04-09 08:12:54.140175
Hoodie 9,3972160,3.2,3,XL,Unisex,2025-04-09 08:12:54.140211
Pants 10,3100160,4.2,3,XXL,Men,2025-04-09 08:12:54.140246
Jacket 12,8527840,3.9,3,M,Unisex,2025-04-09 08:12:54.140318
Crewneck 13,5447200,3.2,3,L,Men,2025-04-09 08:12:54.140364
T-shirt 14,3248800,3.8,3,XL,Women,2025-04-09 08:12:54.140400
Hoodie 15,2184160,3.6,3,XXL,Unisex,2025-04-09 08:12:54.140437
Outerwear 17,841600,3.8,3,M,Women,2025-04-09 08:12:54.140514
Jacket 18,5500000,3.8,3,L,Unisex,2025-04-09 08:12:54.140561
Crewneck 19,1308960,3.6,3,XL,Men,2025-04-09 08:12:54.140606
T-shirt 20,1325600,3.4,3,XXL,Women,2025-04-09 08:12:54.140645
T-shirt 2,1634400,3.9,3,M,Women,2025-04-09 08:12:55.421310
Hoodie 3,7950080,4.8,3,L,Unisex,2025-04-09 08:12:55.421395
Pants 4,7476960,3.3,3,XL,Men,2025-04-09 08:12:55.421476
Outerwear 5,5145440,3.5,3,XXL,Women,2025-04-09 08:12:55.421556
Jacket 6,2453920,3.3,3,S,Unisex,2025-04-09 08:12:55.421636
Crewneck 7,6892000,4.3,3,M,Men,2025-04-09 08:12:55.421710
T-shirt 8,7802560,3.1,3,L,Women,2025-04-09 08:12:55.421777
Hoodie 9,3972160,3.2,3,XL,Unisex,2025-04-09 08:12:55.421844
Pants 10,3100160,4.2,3,XXL,Men,2025-04-09 08:12:55.421911
Jacket 12,8527840,3.9,3,M,Unisex,2025-04-09 08:12:55.422046
Crewneck 13,5447200,3.2,3,L,Men,2025-04-09 08:12:55.422112
T-shirt 14,3248800,3.8,3,XL,Women,2025-04-09 08:12:55.422178
Hoodie 15,2184160,3.6,3,XXL,Unisex,2025-04-09 08:12:55.422244
Outerwear 17,841600,3.8,3,M,Women,2025-04-09 08:12:55.422387
Jacket 18,5500000,3.8,3,L,Unisex,2025-04-09 08:12:55.422453
Crewneck 19,1308960,3.6,3,XL,Men,2025-04-09 08:12:55.422519
T-shirt 20,1325600,3.4,3,XXL,Women,2025-04-09 08:12:55.422586
T-shirt 2,1634400,3.9,3,M,Women,2025-04-09 08:12:57.489499
Hoodie 3,7950080,4.8,3,L,Unisex,2025-04-09 08:12:57.489541
Pants 4,7476960,3.3,3,XL,Men,2025-04-09 08:12:57.489581
Outerwear 5,5145440,3.5,3,XXL,Women,2025-04-09 08:12:57.489621
Jacket 6,2453920,3.3,3,S,Unisex,2025-04-09 08:12:57.489661
Crewneck 7,6892000,4.3,3,M,Men,2025-04-09 08:12:57.489700
T-shirt 8,7802560,3.1,3,L,Women,2025-04-09 08:12:57.489739
Hoodie 9,3972160,3.2,3,XL,Unisex,2025-04-09 08:12:57.489777
Pants 10,3100160,4.2,3,XXL,Men,2025-04-09 08:12:57.489817
Jacket 12,8527840,3.9,3,M,Unisex,2025-04-09 08:12:57.489901
Crewneck 13,5447200,3.2,3,L,Men,2025-04-09 08:12:57.489939
T-shirt 14,3248800,3.8,3,XL,Women,2025-04-09 08:12:57.489978
Hoodie 15,2184160,3.6,3,XXL,Unisex,2025-04-09 08:12:57.490017
Outerwear 17,841600,3.8,3,M,Women,2025-04-09 08:12:57.490100
Jacket 18,5500000,3.8,3,L,Unisex,2025-04-09 08:12:57.490139
Crewneck 19,1308960,3.6,3,XL,Men,2025-04-09 08:12:57.490179
T-shirt 20,1325600,3.4,3,XXL,Women,2025-04-09 08:12:57.490218
T-shirt 2,1634400,3.9,3,M,Women,2025-04-09 08:12:58.985777
Hoodie 3,7950080,4.8,3,L,Unisex,2025-04-09 08:12:58.985868
Pants 4,7476960,3.3,3,XL,Men,2025-04-09 08:12:58.985964
Outerwear 5,5145440,3.5,3,XXL,Women,2025-04-09 08:12:58.986059
Jacket 6,2453920,3.3,3,S,Unisex,2025-04-09 08:12:58.986153
Crewneck 7,6892000,4.3,3,M,Men,2025-04-09 08:12:58.986248
T-shirt 8,7802560,3.1,3,L,Women,2025-04-09 08:12:58.986344
Hoodie 9,3972160,3.2,3,XL,Unisex,2025-04-09 08:12:58.986437
Pants 10,3100160,4.2,3,XXL,Men,2025-04-09 08:12:58.986532
Jacket 12,8527840,3.9,3,M,Unisex,2025-04-09 08:12:58.986720
Crewneck 13,5447200,3.2,3,L,Men,2025-04-09 08:12:58.986813
T-shirt 14,3248800,3.8,3,XL,Women,2025-04-09 08:12:58.986908
Hoodie 15,2184160,3.6,3,XXL,Unisex,2025-04-09 08:12:58.987014
Outerwear 17,841600,3.8,3,M,Women,2025-04-09 08:12:58.987218
Jacket 18,5500000,3.8,3,L,Unisex,2025-04-09 08:12:58.987312
Crewneck 19,1308960,3.6,3,XL,Men,2025-04-09 08:12:58.987405
T-shirt 20,1325600,3.4,3,XXL,Women,2025-04-09 08:12:58.987498
T-shirt 2,1634400,3.9,3,M,Women,2025-04-09 08:13:01.431970
Hoodie 3,7950080,4.8,3,L,Unisex,2025-04-09 08:13:01.432078
Pants 4,7476960,3.3,3,XL,Men,2025-04-09 08:13:01.432179
Outerwear 5,5145440,3.5,3,XXL,Women,2025-04-09 08:13:01.432276
Jacket 6,2453920,3.3,3,S,Unisex,2025-04-09 08:13:01.432372
Crewneck 7,6892000,4.3,3,M,Men,2025-04-09 08:13:01.432476
T-shirt 8,7802560,3.1,3,L,Women,2025-04-09 08:13:01.432573
Hoodie 9,3972160,3.2,3,XL,Unisex,2025-04-09 08:13:01.432667
Pants 10,3100160,4.2,3,XXL,Men,2025-04-09 08:13:01.432762
Jacket 12,8527840,3.9,3,M,Unisex,2025-04-09 08:13:01.432951
Crewneck 13,5447200,3.2,3,L,Men,2025-04-09 08:13:01.433049
T-shirt 14,3248800,3.8,3,XL,Women,2025-04-09 08:13:01.433145
Hoodie 15,2184160,3.6,3,XXL,Unisex,2025-04-09 08:13:01.433242
Outerwear 17,841600,3.8,3,M,Women,2025-04-09 08:13:01.433445
Jacket 18,5500000,3.8,3,L,Unisex,2025-04-09 08:13:01.433547
Crewneck 19,1308960,3.6,3,XL,Men,2025-04-09 08:13:01.433641
T-shirt 20,1325600,3.4,3,XXL,Women,2025-04-09 08:13:01.433735
T-shirt 2,1634400,3.9,3,M,Women,2025-04-09 08:13:03.539004
Hoodie 3,7950080,4.8,3,L,Unisex,2025-04-09 08:13:03.539041
Pants 4,7476960,3.3,3,XL,Men,2025-04-09 08:13:03.539076
Outerwear 5,5145440,3.5,3,XXL,Women,2025-04-09 08:13:03.539111
Jacket 6,2453920,3.3,3,S,Unisex,2025-04-09 08:13:03.539145
Crewneck 7,6892000,4.3,3,M,Men,2025-04-09 08:13:03.539180
T-shirt 8,7802560,3.1,3,L,Women,2025-04-09 08:13:03.539214
Hoodie 9,3972160,3.2,3,XL,Unisex,2025-04-09 08:13:03.539248
Pants 10,3100160,4.2,3,XXL,Men,2025-04-09 08:13:03.539301
Jacket 12,8527840,3.9,3,M,Unisex,2025-04-09 08:13:03.539483
Crewneck 13,5447200,3.2,3,L,Men,2025-04-09 08:13:03.539640
T-shirt 14,3248800,3.8,3,XL,Women,2025-04-09 08:13:03.539704
Hoodie 15,2184160,3.6,3,XXL,Unisex,2025-04-09 08:13:03.539742
Outerwear 17,841600,3.8,3,M,Women,2025-04-09 08:13:03.539818
Jacket 18,5500000,3.8,3,L,Unisex,2025-04-09 08:13:03.539852
Crewneck 19,1308960,3.6,3,XL,Men,2025-04-09 08:13:03.539887
T-shirt 20,1325600,3.4,3,XXL,Women,2025-04-09 08:13:03.540126